requirement_id,title,release,priority,srs_reference,slice,business_rules,acceptance_criteria,acceptance_tests,planned_tests,open_questions,status
FR-019,Measurement profiles,R1,Must,SRS 7 FR-019 (rev 1.2); 5.3,S03,BR-02;BR-03;BR-12,AC-FR-019-1;AC-FR-019-2;AC-FR-019-3;AC-FR-019-4;AC-FR-019-5;AC-FR-019-6;AC-FR-019-7;AC-FR-019-8,AT-01;AT-03;AT-06,T-FR-019-01;T-FR-019-02;T-FR-019-03;T-FR-019-04;T-FR-019-05,OQ-02;OQ-22,Not started
FR-020,Formula provenance and diagnostics,R1,Must,SRS 7 FR-020 (rev 1.2); 5.1; 5.5,S04,BR-04;BR-05;BR-22,AC-FR-020-1;AC-FR-020-2;AC-FR-020-3;AC-FR-020-4;AC-FR-020-5;AC-FR-020-6,AT-19,T-FR-020-01;T-FR-020-02;T-FR-020-03;T-FR-020-04;T-FR-020-05,OQ-01,Not started
FR-021,Tailored skirt block,R1,Must,SRS 7 FR-021 (rev 1.2); 5.4,S06,BR-06;BR-08;BR-09;BR-10;BR-20,AC-FR-021-1;AC-FR-021-2;AC-FR-021-3;AC-FR-021-4;AC-FR-021-5;AC-FR-021-6;AC-FR-021-7;AC-FR-021-8,AT-01;AT-02;AT-13,T-FR-021-01;T-FR-021-02;T-FR-021-03;T-FR-021-04;T-FR-021-05,OQ-02;OQ-10;OQ-11;OQ-12;OQ-13;OQ-17;OQ-27,Not started
FR-040,Templates and constraints,R1,Must,SRS 7 FR-040 (rev 1.2),S04,BR-16,AC-FR-040-1;AC-FR-040-2;AC-FR-040-3,AT-10,T-FR-040-01;T-FR-040-02;T-FR-040-03,,Not started
FR-041,Straight skirt adaptation,R1,Must,SRS 7 FR-041 (new 1.2); 5.4,S07,BR-11,AC-FR-041-1;AC-FR-041-2;AC-FR-041-3;AC-FR-041-4;AC-FR-041-5,AT-15,T-FR-041-01;T-FR-041-02;T-FR-041-03;T-FR-041-04,OQ-28,Not started
FR-042,Standard size charts,R1,Must,SRS 7 FR-042 (new 1.2); 5.3,S05,BR-02;BR-19,AC-FR-042-1;AC-FR-042-2;AC-FR-042-3;AC-FR-042-4;AC-FR-042-5,AT-16,T-FR-042-01;T-FR-042-02;T-FR-042-03;T-FR-042-04;T-FR-042-05,OQ-03;OQ-15,Not started
FR-043,Toile verification statement,R1,Must,SRS 7 FR-043 (new 1.2); 5.7,S13,BR-01,AC-FR-043-1;AC-FR-043-2;AC-FR-043-3,AT-17,T-FR-043-01;T-FR-043-02,,Not started
FR-022,Stitch versus cut geometry,R1,Must,SRS 7 FR-022 (rev 1.2),S08,BR-06;BR-07,AC-FR-022-1;AC-FR-022-2;AC-FR-022-3;AC-FR-022-4;AC-FR-022-5;AC-FR-022-6,AT-04;AT-09,T-FR-022-01;T-FR-022-02;T-FR-022-03;T-FR-022-04;T-FR-022-05,OQ-14;OQ-19;OQ-20,Not started
FR-023,Dart operations,R1,Must,SRS 7 FR-023 (rev 1.2),S06,BR-10,AC-FR-023-1;AC-FR-023-2;AC-FR-023-3;AC-FR-023-4;AC-FR-023-5,AT-14,T-FR-023-01;T-FR-023-02;T-FR-023-03;T-FR-023-04,OQ-13;OQ-27,Not started
FR-024,Construction marks,R1,Must,SRS 7 FR-024 (rev 1.2),S09,BR-20,AC-FR-024-1;AC-FR-024-2;AC-FR-024-3;AC-FR-024-4;AC-FR-024-5,AT-01,T-FR-024-01;T-FR-024-02;T-FR-024-03,OQ-12;OQ-27,Not started
FR-026,Curve construction,R1,Must,SRS 7 FR-026 (rev 1.2),S02,BR-20,AC-FR-026-1;AC-FR-026-2;AC-FR-026-3;AC-FR-026-4;AC-FR-026-5,,T-FR-026-01;T-FR-026-02;T-FR-026-03;T-FR-026-04,OQ-11,Implemented
FR-032,Printable tiled PDF,R1,Must,SRS 7 FR-032,S13,BR-14;BR-01,AC-FR-032-1;AC-FR-032-2;AC-FR-032-3;AC-FR-032-4;AC-FR-032-5;AC-FR-032-6,AT-07,T-FR-032-01;T-FR-032-02;T-FR-032-03;T-FR-032-04;T-FR-032-05,OQ-05;OQ-26;OQ-31,Not started
FR-033,SVG vector export,R1,Must,SRS 7 FR-033 (rev 1.2),S12,BR-12;BR-13,AC-FR-033-1;AC-FR-033-2;AC-FR-033-3;AC-FR-033-4;AC-FR-033-5,AT-05,T-FR-033-01;T-FR-033-02;T-FR-033-03,,Not started
FR-034,DXF interchange,R2,Should,SRS 7 FR-034 (rev 1.2),S21,BR-12,AC-FR-034-1;AC-FR-034-2;AC-FR-034-3;AC-FR-034-4;AC-FR-034-5,AT-11,T-FR-034-01;T-FR-034-02;T-FR-034-03,OQ-07,Not started
FR-035,Offline project package,R1,Must,SRS 7 FR-035 (rev 1.2),S11,BR-04;BR-16,AC-FR-035-1;AC-FR-035-2;AC-FR-035-3;AC-FR-035-4;AC-FR-035-5;AC-FR-035-6,AT-06;AT-10,T-FR-035-01;T-FR-035-02;T-FR-035-03;T-FR-035-04;T-FR-035-05,OQ-21;OQ-25,Not started
FR-036,Audit and warnings,R1,Must,SRS 7 FR-036 (rev 1.2),S10,BR-14;BR-02;BR-05,AC-FR-036-1;AC-FR-036-2;AC-FR-036-3;AC-FR-036-4,AT-09,T-FR-036-01;T-FR-036-02;T-FR-036-03,OQ-20,Not started
FR-037,Measurement and pattern privacy,R1,Must,SRS 7 FR-037,S17,BR-15,AC-FR-037-1;AC-FR-037-2;AC-FR-037-3;AC-FR-037-4,,T-FR-037-01;T-FR-037-02;T-FR-037-03,OQ-04,Not started
FR-039,Keyboard and accessibility workflow,R1,Must,SRS 7 FR-039,S14,,AC-FR-039-1;AC-FR-039-2;AC-FR-039-3;AC-FR-039-4;AC-FR-039-5;AC-FR-039-6;AC-FR-039-7,,T-FR-039-01;T-FR-039-02;T-FR-039-03,OQ-09,Not started
FR-038,Global unit system,R1,Must,SRS 7 FR-038 (rev 1.2),S01,BR-12;BR-21,AC-FR-038-1;AC-FR-038-2;AC-FR-038-3;AC-FR-038-4;AC-FR-038-5;AC-FR-038-6;AC-FR-038-7;AC-FR-038-8,AT-20;AT-21,T-FR-038-01;T-FR-038-02;T-FR-038-03;T-FR-038-04;T-FR-038-05;T-FR-038-06,OQ-16;OQ-33,Implemented
FR-025,Manual drafting tools,R2,Should,SRS 7 FR-025,S22,BR-05;BR-08,AC-FR-025-1;AC-FR-025-2;AC-FR-025-3;AC-FR-025-4;AC-FR-025-5,,T-FR-025-01;T-FR-025-02;T-FR-025-03,OQ-29,Not started
FR-027,Size grading,R2,Should,SRS 7 FR-027 (rev 1.2),S20,BR-18,AC-FR-027-1;AC-FR-027-2;AC-FR-027-3;AC-FR-027-4,AT-18,T-FR-027-01;T-FR-027-02;T-FR-027-03,OQ-03;OQ-17,Not started
FR-028,Pattern comparison,R2,Should,SRS 7 FR-028,S23,,AC-FR-028-1;AC-FR-028-2;AC-FR-028-3,,T-FR-028-01;T-FR-028-02,,Not started
FR-029,Material library,R2,Should,SRS 7 FR-029,S24,BR-17,AC-FR-029-1;AC-FR-029-2;AC-FR-029-3,,T-FR-029-01;T-FR-029-02,,Not started
FR-030,Material visualization,R2,Should,SRS 7 FR-030,S24,BR-17;BR-13,AC-FR-030-1;AC-FR-030-2;AC-FR-030-3;AC-FR-030-4,AT-05,T-FR-030-01;T-FR-030-02;T-FR-030-03,,Not started
FR-031,Fabric layout and consumption,R2,Should,SRS 7 FR-031,S25,BR-17,AC-FR-031-1;AC-FR-031-2;AC-FR-031-3;AC-FR-031-4;AC-FR-031-5,AT-12,T-FR-031-01;T-FR-031-02;T-FR-031-03,,Not started
REN-01,Authoritative geometry,R1,Must,SRS 8 REN-01 (rev 1.2),S02,BR-13;BR-21,AC-REN-01-1;AC-REN-01-2;AC-REN-01-3;AC-REN-01-4,AT-08,T-REN-01-01;T-REN-01-02;T-REN-01-03,,Implemented
REN-02,GPU canvas separation,R1,Must,SRS 8 REN-02,S15,BR-13,AC-REN-02-1;AC-REN-02-2,AT-05,T-REN-02-01;T-REN-02-02,,Not started
REN-03,Zoom and sampling,R1,Must,SRS 8 REN-03,S15,BR-13,AC-REN-03-1;AC-REN-03-2;AC-REN-03-3,,T-REN-03-01;T-REN-03-02,,Not started
REN-04,Textile swatch orientation,R2,Should,SRS 8 REN-04,S24,BR-17,AC-REN-04-1;AC-REN-04-2;AC-REN-04-3,,T-REN-04-01;T-REN-04-02,,Not started
NFR-014,Deterministic replay,R1,Must,SRS 10 NFR-014,S06,BR-04,AC-NFR-014-1,,T-NFR-014-01;T-NFR-014-02;T-NFR-014-03,OQ-17,Not started
NFR-015,Export length accuracy,R1,Must,SRS 10 NFR-015,S12,,AC-NFR-015-1,,T-NFR-015-01;T-NFR-015-02,OQ-05,Not started
NFR-016,No silently incomplete pattern,R1,Must,SRS 10 NFR-016,S10,BR-14,AC-NFR-016-1,,T-NFR-016-01;T-NFR-016-02;T-NFR-016-03,,Not started
NFR-017,UI update time,R1,Must,SRS 10 NFR-017,S14,,AC-NFR-017-1,,T-NFR-017-01;T-NFR-017-02,OQ-23,Not started
NFR-018,Offline operation,R1,Must,SRS 10 NFR-018,S17,BR-15,AC-NFR-018-1,,T-NFR-018-01;T-NFR-018-02,,Not started
NFR-019,WASM size,R1,Must,SRS 10 NFR-019,S16,,AC-NFR-019-1,,T-NFR-019-01,OQ-08,Not started
NFR-020,Schema version checking,R1,Must,SRS 10 NFR-020,S11,BR-16,AC-NFR-020-1,,T-NFR-020-01;T-NFR-020-02;T-NFR-020-03,,Not started
NFR-021,Crash-safe saves,R1,Must,SRS 10 NFR-021,S11,,AC-NFR-021-1,,T-NFR-021-01;T-NFR-021-02,,Not started
NFR-022,Lint policy,R1,Must,SRS 10 NFR-022,S00,,AC-NFR-022-1,,T-NFR-022-01;T-NFR-022-02,,Implemented
NFR-023,Platform matrix,R1,Must,SRS 10 NFR-023,S16,,AC-NFR-023-1,,T-NFR-023-01;T-NFR-023-02,OQ-24,Not started
NFR-024,No undisclosed transmission,R1,Must,SRS 10 NFR-024,S17,BR-15,AC-NFR-024-1,,T-NFR-024-01;T-NFR-024-02,,Not started
NFR-025,Accessible workflow,R1,Must,SRS 10 NFR-025,S14,,AC-NFR-025-1,,T-NFR-025-01;T-NFR-025-02,,Not started
NFR-026,Rule record completeness,R1,Must,SRS 10 NFR-026,S04,BR-05;BR-22,AC-NFR-026-1,,T-NFR-026-01,,Not started
NFR-027,Data checksums,R1,Must,SRS 10 NFR-027,S04,,AC-NFR-027-1,,T-NFR-027-01,,Not started
NFR-028,Unit service coverage,R1,Must,SRS 10 NFR-028,S01,BR-12,AC-NFR-028-1,,T-NFR-028-01;T-NFR-028-02,,Implemented
